date_utc,blocks,first_block,last_block,min_gwei,p25_gwei,median_gwei,p75_gwei,p90_gwei,max_gwei,cheapest_hour_utc,priciest_hour_utc,gas_used_ratio_mean,blob_median_gwei,tip_p10_gwei,tip_p50_gwei,tip_p90_gwei
2026-09-08,7200,25923446,25930645,0.0339157,0.0474947,0.0558272,0.0839238,0.145446,0.447186,10,15,0.5059,0.00328402,,,
2026-09-09,7200,25929095,25936294,0.0344476,0.0494858,0.0656479,0.111554,0.217165,0.737578,1,14,0.5063,0.00387126,,,
2026-09-10,7200,25936248,25943447,0.0332454,0.0587318,0.0738336,0.123269,0.202714,0.421566,2,15,0.5057,0.00434637,,,
2026-09-11,7200,25943417,25950616,0.0396415,0.0541896,0.0646885,0.123166,0.240954,1.15852,5,13,0.5060,0.00395793,,,
2026-09-12,7200,25950588,25957787,0.0371119,0.0555503,0.0673097,0.163903,0.635056,6.30396,23,14,0.5061,0.00397239,,,
2026-09-13,7200,25957771,25964970,0.036022,0.0487052,0.0536518,0.0605272,0.0807651,6.00115,19,5,0.5062,0.00310342,,,
2026-09-14,7200,25964953,25972152,0.0337999,0.0458021,0.050776,0.0571076,0.0636578,0.0969033,5,8,0.5065,0.00294455,,,
2026-09-15,7200,25972133,25979332,0.0317782,0.0571067,0.100523,0.200435,0.398983,2.29577,3,15,0.5067,0.00577123,,,
2026-09-25,7200,26043739,26050938,0.0457911,0.112942,0.23083,0.878972,3.03239,24.8592,2,17,0.5050,0.0126356,,,
2026-09-26,7200,26050889,26058088,0.0469701,0.114135,0.177331,0.504749,1.12442,2.66153,5,13,0.5047,0.00968804,,,
2026-09-27,7200,26058066,26065265,0.0454094,0.0584688,0.0661401,0.0866858,0.122258,0.362183,22,17,0.5050,0.00377561,,,
2026-09-28,7200,26065225,26072424,0.0429891,0.0609835,0.0830083,0.393582,1.56246,14.5243,2,15,0.5059,0.00468911,,,
2026-09-29,7200,26072396,26079595,0.0599151,0.252745,0.770709,1.45513,2.51312,11.8501,1,22,0.5047,0.0419406,,,
2026-09-30,7200,26079577,26086776,0.101626,0.462747,0.719557,1.43812,2.15882,7.05166,23,15,0.5035,0.0413074,,,
2026-10-01,7200,26086755,26093954,0.0548889,0.104572,0.168565,0.382713,0.845962,1.58107,23,15,0.5042,0.00953778,,,
2026-10-02,7200,26093919,26101118,0.0528043,0.102946,0.148687,0.558277,1.53399,9.15217,6,16,0.5044,0.00855573,,,
2026-10-03,7200,26101083,26108282,0.0619481,0.0994872,0.116023,0.255822,0.615546,1.31435,23,15,0.5042,0.0066589,,,
2026-10-04,7200,26109223,26116422,0.0512513,0.0666487,0.0751542,0.088237,0.108898,0.847764,23,18,0.5049,0.00428201,,,
2026-10-05,7200,26115464,26122663,0.0478469,0.0680283,0.101993,0.131356,0.194881,0.559041,5,14,0.5049,0.00577431,,,
2026-10-06,7200,26122639,26129838,0.0559011,0.105604,0.208233,0.685139,1.15288,3.71051,2,16,0.5046,0.011925,,,
2026-10-07,7200,26129814,26137013,0.0892822,0.161644,0.323944,0.581034,1.29759,5.37533,7,10,0.5051,0.0184679,,,
2026-10-08,7200,26136984,26144183,0.0894465,0.149996,0.233656,0.706902,1.93577,6.16335,4,16,0.5045,0.0130904,,,
2026-10-09,7200,26144164,26151363,0.0787866,0.133267,0.198475,0.973022,2.39984,13.092,0,15,0.5041,0.011439,,,
